{
    "accuracy": 0.9428571428571428,
    "precision": 0.9428571428571428,
    "recall": 0.9428571428571428,
    "f1_score": 0.9333333333333332
}